trajectory_id,predicted_road_id
30431,3317.0
30432,2919.0
30433,4931.0
30434,5455.0
30435,5157.0
30436,382.0
30437,3665.0
30438,2729.0
30439,1759.0
30440,5807.0
30441,568.0
30442,4175.0
30443,143.0
30444,162.0
30445,2855.0
30446,1192.0
30447,294.0
30448,1030.0
30449,1934.0
30450,3947.0
30451,1428.0
30452,1030.0
30453,4175.0
30454,1160.0
30455,88.0
30456,980.0
30457,1030.0
30458,1528.0
30459,2686.0
30460,1030.0
30461,5273.0
30462,2191.0
30463,2972.0
30464,2972.0
30465,5623.0
30466,1726.0
30467,3098.0
30468,52.0
30469,375.0
30470,5110.0
30471,4176.0
30472,1427.0
30473,1243.0
30474,6013.0
30475,1426.0
30476,1693.0
30477,176.0
30478,1523.0
30479,2855.0
30480,471.0
30481,1823.0
30482,1030.0
30483,3634.0
30484,493.0
30485,2605.0
30486,3650.0
30487,5179.0
30488,460.0
30489,511.0
30490,1432.0
30491,2697.0
30492,1030.0
30493,26.0
30494,5860.0
30495,2924.0
30496,2694.0
30497,811.0
30498,1759.0
30499,2036.0
30500,3148.0
30501,1030.0
30502,5565.0
30503,5623.0
30504,847.0
30505,2989.0
30506,2015.0
30507,98.0
30508,1706.0
30509,1418.0
30510,2686.0
30511,388.0
30512,5534.0
30513,3168.0
30514,196.0
30515,2569.0
30516,2356.0
30517,2317.0
30518,5761.0
30519,1030.0
30520,2102.0
30521,1426.0
30522,831.0
30523,705.0
30524,3317.0
30525,2919.0
30526,335.0
30527,388.0
30528,4055.0
30529,1426.0
30530,250.0
30531,2484.0
30532,158.0
30533,5623.0
30534,2598.0
30535,5157.0
30536,2570.0
30537,26.0
30538,2062.0
30539,3682.0
30540,2341.0
30541,5047.0
30542,236.0
30543,5632.0
30544,516.0
30545,2755.0
30546,5747.0
30547,842.0
30548,26.0
30549,4404.0
30550,3896.0
30551,839.0
30552,2092.0
30553,5623.0
30554,1030.0
30555,253.0
30556,3898.0
30557,2855.0
30558,1030.0
30559,2429.0
30560,3058.0
30561,2007.0
30562,141.0
30563,2498.0
30564,1030.0
30565,1030.0
30566,1414.0
30567,1030.0
30568,1137.0
30569,1759.0
30570,5860.0
30571,5623.0
30572,2607.0
30573,2855.0
30574,4175.0
30575,26.0
30576,250.0
30577,847.0
30578,2918.0
30579,2013.0
30580,5455.0
30581,1423.0
30582,4239.0
30583,4838.0
30584,5696.0
30585,3050.0
30586,5266.0
30587,5899.0
30588,605.0
30589,1023.0
30590,2374.0
30591,3665.0
30592,4487.0
30593,2409.0
30594,3047.0
30595,2694.0
30596,3813.0
30597,2323.0
30598,351.0
30599,2755.0
30600,530.0
30601,2694.0
30602,143.0
30603,2443.0
30604,1030.0
30605,2833.0
30606,1030.0
30607,3053.0
30608,3995.0
30609,2144.0
30610,2607.0
30611,928.0
30612,2429.0
30613,26.0
30614,250.0
30615,2855.0
30616,530.0
30617,4174.0
30618,478.0
30619,2742.0
30620,3124.0
30621,2111.0
30622,4899.0
30623,2409.0
30624,2855.0
30625,811.0
30626,5110.0
30627,1759.0
30628,26.0
30629,1067.0
30630,143.0
30631,2840.0
30632,1030.0
30633,1693.0
30634,2415.0
30635,3055.0
30636,138.0
30637,45.0
30638,3098.0
30639,2855.0
30640,1675.0
30641,139.0
30642,872.0
30643,1168.0
30644,5731.0
30645,278.0
30646,4477.0
30647,2715.0
30648,2569.0
30649,1432.0
30650,539.0
30651,3773.0
30652,1675.0
30653,2862.0
30654,2686.0
30655,5732.0
30656,4280.0
30657,1030.0
30658,1067.0
30659,2862.0
30660,519.0
30661,4469.0
30662,2855.0
30663,5449.0
30664,5455.0
30665,1030.0
30666,3055.0
30667,3124.0
30668,180.0
30669,3370.0
30670,4934.0
30671,3946.0
30672,2855.0
30673,1426.0
30674,5110.0
30675,1704.0
30676,5270.0
30677,711.0
30678,415.0
30679,4947.0
30680,2833.0
30681,3059.0
30682,5110.0
30683,2742.0
30684,559.0
30685,1423.0
30686,1560.0
30687,694.0
30688,1427.0
30689,2919.0
30690,4176.0
30691,3789.0
30692,2135.0
30693,2409.0
30694,4175.0
30695,33.0
30696,5857.0
30697,1704.0
30698,716.0
30699,462.0
30700,3814.0
30701,158.0
30702,1693.0
30703,253.0
30704,249.0
30705,2919.0
30706,6097.0
30707,5623.0
30708,135.0
30709,3673.0
30710,2855.0
30711,2429.0
30712,811.0
30713,529.0
30714,1030.0
30715,1530.0
30716,35.0
30717,3802.0
30718,388.0
30719,1782.0
30720,3673.0
30721,5157.0
30722,1030.0
30723,4532.0
30724,5455.0
30725,158.0
30726,1426.0
30727,1030.0
30728,3033.0
30729,88.0
30730,2919.0
30731,5134.0
30732,4283.0
30733,2923.0
30734,2855.0
30735,2855.0
30736,3773.0
30737,2409.0
30738,2840.0
30739,5747.0
30740,2763.0
30741,2686.0
30742,3773.0
30743,2414.0
30744,609.0
30745,1030.0
30746,2409.0
30747,5967.0
30748,847.0
30749,2498.0
30750,2409.0
30751,2038.0
30752,3665.0
30753,1196.0
30754,993.0
30755,2569.0
30756,457.0
30757,2809.0
30758,877.0
30759,2179.0
30760,3278.0
30761,3464.0
30762,5777.0
30763,3682.0
30764,1030.0
30765,5455.0
30766,184.0
30767,2415.0
30768,5595.0
30769,2755.0
30770,3061.0
30771,2855.0
30772,2730.0
30773,2833.0
30774,1137.0
30775,607.0
30776,3574.0
30777,5860.0
30778,3673.0
30779,5134.0
30780,1030.0
30781,2144.0
30782,2855.0
30783,1331.0
30784,2758.0
30785,4947.0
30786,4176.0
30787,2569.0
30788,2321.0
30789,1759.0
30790,605.0
30791,4176.0
30792,4528.0
30793,1616.0
30794,2560.0
30795,4220.0
30796,2749.0
30797,1693.0
30798,5899.0
30799,2324.0
30800,4239.0
30801,831.0
30802,3567.0
30803,858.0
30804,2042.0
30805,139.0
30806,272.0
30807,1030.0
30808,1332.0
30809,2840.0
30810,2686.0
30811,2414.0
30812,3110.0
30813,4417.0
30814,2494.0
30815,972.0
30816,3452.0
30817,141.0
30818,831.0
30819,248.0
30820,2900.0
30821,519.0
30822,4175.0
30823,2036.0
30824,94.0
30825,2772.0
30826,1160.0
30827,6123.0
30828,3124.0
30829,3890.0
30830,4055.0
30831,1522.0
30832,4230.0
30833,4934.0
30834,141.0
30835,4178.0
30836,3567.0
30837,4772.0
30838,5060.0
30839,2529.0
30840,2790.0
30841,2855.0
30842,1743.0
30843,1743.0
30844,583.0
30845,1693.0
30846,3945.0
30847,1693.0
30848,1730.0
30849,5256.0
30850,993.0
30851,1137.0
30852,3587.0
30853,495.0
30854,4977.0
30855,1272.0
30856,3124.0
30857,2086.0
30858,2607.0
30859,2987.0
30860,1743.0
30861,6097.0
30862,6148.0
30863,696.0
30864,1761.0
30865,530.0
30866,1738.0
30867,2758.0
30868,5860.0
30869,4020.0
30870,1116.0
30871,1704.0
30872,5860.0
30873,2498.0
30874,3634.0
30875,3124.0
30876,2972.0
30877,3315.0
30878,4405.0
30879,105.0
30880,1030.0
30881,2812.0
30882,303.0
30883,3975.0
30884,2972.0
30885,122.0
30886,2223.0
30887,2346.0
30888,2349.0
30889,3634.0
30890,1030.0
30891,285.0
30892,2919.0
30893,485.0
30894,3124.0
30895,3773.0
30896,1834.0
30897,250.0
30898,2093.0
30899,5448.0
30900,2415.0
30901,5623.0
30902,2636.0
30903,1759.0
30904,4176.0
30905,105.0
30906,3305.0
30907,2923.0
30908,5696.0
30909,1030.0
30910,797.0
30911,2569.0
30912,793.0
30913,5332.0
30914,2569.0
30915,5761.0
30916,3945.0
30917,1030.0
30918,2002.0
30919,3114.0
30920,5868.0
30921,2919.0
30922,5761.0
30923,31.0
30924,3324.0
30925,388.0
30926,3588.0
30927,2855.0
30928,1422.0
30929,1030.0
30930,158.0
30931,1426.0
30932,1030.0
30933,3665.0
30934,605.0
30935,760.0
30936,3673.0
30937,2715.0
30938,4339.0
30939,1011.0
30940,519.0
30941,3124.0
30942,1030.0
30943,2549.0
30944,3567.0
30945,1426.0
30946,2901.0
30947,8.0
30948,6.0
30949,2972.0
30950,2549.0
30951,45.0
30952,45.0
30953,1429.0
30954,3588.0
30955,290.0
30956,4288.0
30957,5498.0
30958,3588.0
30959,139.0
30960,527.0
30961,4499.0
30962,2840.0
30963,527.0
30964,2132.0
30965,3047.0
30966,45.0
30967,1248.0
30968,3081.0
30969,1693.0
30970,877.0
30971,5455.0
30972,5110.0
30973,3997.0
30974,3588.0
30975,1693.0
30976,114.0
30977,1428.0
30978,4293.0
30979,2121.0
30980,3673.0
30981,2846.0
30982,5060.0
30983,3918.0
30984,3673.0
30985,3682.0
30986,2833.0
30987,664.0
30988,2855.0
30989,2529.0
30990,6034.0
30991,5961.0
30992,1030.0
30993,1864.0
30994,2972.0
30995,1693.0
30996,5067.0
30997,296.0
30998,4632.0
30999,4430.0
31000,1030.0
31001,3076.0
31002,384.0
31003,710.0
31004,1030.0
31005,1204.0
31006,1015.0
31007,5623.0
31008,2749.0
31009,1030.0
31010,4176.0
31011,2855.0
31012,611.0
31013,5898.0
31014,2021.0
31015,3263.0
31016,228.0
31017,4487.0
31018,3315.0
31019,5756.0
31020,2923.0
31021,248.0
31022,2855.0
31023,1030.0
31024,621.0
31025,5455.0
31026,5860.0
31027,5696.0
31028,2569.0
31029,1746.0
31030,5455.0
31031,1746.0
31032,61.0
31033,5455.0
31034,1204.0
31035,2409.0
31036,2855.0
31037,1030.0
31038,2686.0
31039,2607.0
31040,5455.0
31041,1030.0
31042,2324.0
31043,1432.0
31044,2409.0
31045,398.0
31046,3945.0
31047,2409.0
31048,6097.0
31049,1427.0
31050,1030.0
31051,3285.0
31052,2569.0
31053,664.0
31054,4255.0
31055,463.0
31056,1426.0
31057,2409.0
31058,5761.0
31059,1030.0
31060,2758.0
31061,1746.0
31062,4417.0
31063,711.0
31064,530.0
31065,68.0
31066,4460.0
31067,2324.0
31068,3124.0
31069,4383.0
31070,1432.0
31071,2763.0
31072,5916.0
31073,1432.0
31074,692.0
31075,1759.0
31076,1426.0
31077,4187.0
31078,706.0
31079,4276.0
31080,3324.0
31081,1030.0
31082,2002.0
31083,710.0
31084,10.0
31085,1027.0
31086,1030.0
31087,3926.0
31088,1030.0
31089,1297.0
31090,1030.0
31091,1241.0
31092,1030.0
31093,772.0
31094,3098.0
31095,714.0
31096,2607.0
31097,1137.0
31098,2054.0
31099,2758.0
31100,2529.0
31101,3315.0
31102,45.0
31103,5292.0
31104,811.0
31105,653.0
31106,2730.0
31107,1759.0
31108,5179.0
31109,1329.0
31110,3464.0
31111,3407.0
31112,1167.0
31113,250.0
31114,1427.0
31115,3309.0
31116,2040.0
31117,94.0
31118,3055.0
31119,3945.0
31120,2855.0
31121,1218.0
31122,2569.0
31123,3560.0
31124,1011.0
31125,2471.0
31126,4026.0
31127,1205.0
31128,5623.0
31129,4355.0
31130,314.0
31131,335.0
31132,3789.0
31133,1681.0
31134,611.0
31135,2812.0
31136,2498.0
31137,2447.0
31138,2225.0
31139,2498.0
31140,3665.0
31141,2636.0
31142,5860.0
31143,2498.0
31144,5761.0
31145,1897.0
31146,5623.0
31147,3058.0
31148,5207.0
31149,1428.0
31150,1175.0
31151,5857.0
31152,1030.0
31153,3321.0
31154,530.0
31155,4057.0
31156,1693.0
31157,5110.0
31158,5761.0
31159,742.0
31160,2596.0
31161,2742.0
31162,2041.0
31163,5860.0
31164,316.0
31165,1989.0
31166,391.0
31167,5110.0
31168,1204.0
31169,1693.0
31170,3081.0
31171,3596.0
31172,6.0
31173,1832.0
31174,5344.0
31175,1693.0
31176,2695.0
31177,2742.0
31178,3946.0
31179,3789.0
31180,4477.0
31181,6.0
31182,53.0
31183,1030.0
31184,392.0
31185,2919.0
31186,706.0
31187,1759.0
31188,31.0
31189,5623.0
31190,5965.0
31191,1693.0
31192,1759.0
31193,3634.0
31194,5857.0
31195,1030.0
31196,4175.0
31197,1693.0
31198,5058.0
31199,4632.0
31200,2096.0
31201,51.0
31202,1426.0
31203,841.0
31204,5632.0
31205,560.0
31206,296.0
31207,4026.0
31208,3577.0
31209,1124.0
31210,6026.0
31211,4770.0
31212,301.0
31213,527.0
31214,1132.0
31215,1823.0
31216,27.0
31217,5242.0
31218,609.0
31219,2498.0
31220,527.0
31221,2610.0
31222,2674.0
31223,1167.0
31224,5136.0
31225,4484.0
31226,26.0
31227,468.0
31228,3673.0
31229,2972.0
31230,3058.0
31231,5696.0
31232,457.0
31233,5455.0
31234,1750.0
31235,1449.0
31236,2840.0
31237,294.0
31238,199.0
31239,301.0
31240,5860.0
31241,4288.0
31242,2813.0
31243,4838.0
31244,696.0
31245,2726.0
31246,2972.0
31247,1716.0
31248,250.0
31249,5455.0
31250,1423.0
31251,5110.0
31252,4175.0
31253,2033.0
31254,4224.0
31255,5860.0
31256,1893.0
31257,1966.0
31258,2323.0
31259,5455.0
31260,290.0
31261,4031.0
31262,1428.0
31263,98.0
31264,3418.0
31265,493.0
31266,143.0
31267,88.0
31268,2919.0
31269,2919.0
31270,2569.0
31271,991.0
31272,2029.0
31273,280.0
31274,4502.0
31275,510.0
31276,5638.0
31277,2987.0
31278,2666.0
31279,1030.0
31280,3047.0
31281,4457.0
31282,3673.0
31283,2859.0
31284,2047.0
31285,448.0
31286,2921.0
31287,365.0
31288,530.0
31289,4055.0
31290,3370.0
31291,5110.0
31292,1707.0
31293,2972.0
31294,2409.0
31295,2855.0
31296,3945.0
31297,4289.0
31298,1827.0
31299,460.0
31300,138.0
31301,5307.0
31302,1759.0
31303,1030.0
31304,5136.0
31305,3325.0
31306,5063.0
31307,3053.0
31308,1030.0
31309,1205.0
31310,26.0
31311,3963.0
31312,1693.0
31313,26.0
31314,2812.0
31315,3148.0
31316,2749.0
31317,401.0
31318,2357.0
31319,1933.0
31320,143.0
31321,11.0
31322,1423.0
31323,530.0
31324,5510.0
31325,2373.0
31326,5860.0
31327,6097.0
31328,3242.0
31329,248.0
31330,2409.0
31331,1694.0
31332,5563.0
31333,568.0
31334,5134.0
31335,158.0
31336,2919.0
31337,2498.0
31338,1481.0
31339,253.0
31340,3793.0
31341,2749.0
31342,2638.0
31343,4175.0
31344,1030.0
31345,2694.0
31346,1664.0
31347,1158.0
31348,6097.0
31349,5816.0
31350,858.0
31351,4289.0
31352,1693.0
31353,2558.0
31354,3588.0
31355,3061.0
31356,858.0
31357,3272.0
31358,2844.0
31359,2917.0
31360,2409.0
31361,3814.0
31362,176.0
31363,1616.0
31364,2002.0
31365,1030.0
31366,10.0
31367,2085.0
31368,1428.0
31369,4101.0
31370,5857.0
31371,3588.0
31372,295.0
31373,5059.0
31374,2466.0
31375,1423.0
31376,5270.0
31377,2414.0
31378,3789.0
31379,4036.0
31380,1431.0
31381,5110.0
31382,1676.0
31383,5264.0
31384,2415.0
31385,4469.0
31386,335.0
31387,1600.0
31388,3055.0
31389,1702.0
31390,301.0
31391,2033.0
31392,1204.0
31393,2443.0
31394,1693.0
31395,1030.0
31396,530.0
31397,2919.0
31398,5565.0
31399,5455.0
31400,991.0
31401,5570.0
31402,13.0
31403,2749.0
31404,2607.0
31405,5307.0
31406,139.0
31407,1205.0
31408,2498.0
31409,2965.0
31410,2919.0
31411,4255.0
31412,2742.0
31413,2356.0
31414,5110.0
31415,2415.0
31416,4176.0
31417,5623.0
31418,1535.0
31419,2921.0
31420,903.0
31421,13.0
31422,4490.0
31423,3312.0
31424,401.0
31425,1725.0
31426,2607.0
31427,5623.0
31428,831.0
31429,16.0
31430,2918.0
31431,5279.0
31432,1030.0
31433,2787.0
31434,4175.0
31435,2919.0
31436,2859.0
31437,3242.0
31438,3273.0
31439,847.0
31440,158.0
31441,5110.0
31442,2025.0
31443,1204.0
31444,5604.0
31445,3368.0
31446,3273.0
31447,2643.0
31448,3673.0
31449,122.0
31450,2250.0
31451,3618.0
31452,2814.0
31453,1137.0
31454,240.0
31455,2607.0
31456,2498.0
31457,2587.0
31458,2733.0
31459,5857.0
31460,1030.0
31461,653.0
31462,1247.0
31463,5860.0
31464,987.0
31465,4176.0
31466,2705.0
31467,2813.0
31468,1854.0
31469,3278.0
31470,3673.0
31471,2851.0
31472,529.0
31473,121.0
31474,1030.0
31475,4175.0
31476,2357.0
31477,6097.0
31478,2740.0
31479,2742.0
31480,2409.0
31481,1426.0
31482,1823.0
31483,3773.0
31484,4175.0
31485,580.0
31486,3773.0
31487,1030.0
31488,3047.0
31489,1427.0
31490,4977.0
31491,3053.0
31492,1759.0
31493,3124.0
31494,2763.0
31495,1011.0
31496,2432.0
31497,300.0
31498,708.0
31499,2919.0
31500,2270.0
31501,250.0
31502,1030.0
31503,162.0
31504,2855.0
31505,1426.0
31506,4850.0
31507,2666.0
31508,530.0
31509,3464.0
31510,2686.0
31511,1428.0
31512,4251.0
31513,250.0
31514,1640.0
31515,1759.0
31516,26.0
31517,2096.0
31518,6097.0
31519,2004.0
31520,5860.0
31521,32.0
31522,807.0
31523,3682.0
31524,3309.0
31525,2414.0
31526,196.0
31527,489.0
31528,1030.0
31529,4250.0
31530,2569.0
31531,139.0
31532,539.0
31533,3074.0
31534,4175.0
31535,2730.0
31536,1675.0
31537,636.0
31538,3588.0
31539,2415.0
31540,4175.0
31541,2855.0
31542,384.0
31543,1426.0
31544,335.0
31545,2855.0
31546,2415.0
31547,296.0
31548,921.0
31549,1840.0
31550,464.0
31551,2409.0
31552,2498.0
31553,5860.0
31554,351.0
31555,1427.0
31556,5869.0
31557,1030.0
31558,4433.0
31559,2638.0
31560,1196.0
31561,2742.0
31562,2855.0
31563,5860.0
31564,5696.0
31565,2636.0
31566,708.0
31567,1426.0
31568,2610.0
31569,1030.0
31570,2414.0
31571,335.0
31572,4947.0
31573,2694.0
31574,3061.0
31575,250.0
31576,2415.0
31577,813.0
31578,5307.0
31579,1904.0
31580,2694.0
31581,3063.0
31582,3055.0
31583,2072.0
31584,1426.0
31585,2498.0
31586,1066.0
31587,1030.0
31588,1782.0
31589,5747.0
31590,4168.0
31591,388.0
31592,31.0
31593,398.0
31594,27.0
31595,3273.0
31596,1428.0
31597,2569.0
31598,3793.0
31599,5270.0
31600,253.0
31601,401.0
31602,3058.0
31603,1716.0
31604,2383.0
31605,4175.0
31606,482.0
31607,5455.0
31608,1205.0
31609,6034.0
31610,388.0
31611,4067.0
31612,2560.0
31613,1427.0
31614,138.0
31615,3317.0
31616,2919.0
31617,695.0
31618,5604.0
31619,2919.0
31620,1528.0
31621,143.0
31622,2050.0
31623,4175.0
31624,3059.0
31625,2007.0
31626,5115.0
31627,2346.0
31628,5264.0
31629,2374.0
31630,176.0
31631,2434.0
31632,3012.0
31633,4253.0
31634,511.0
31635,41.0
31636,654.0
31637,3317.0
31638,4013.0
31639,1040.0
31640,1216.0
31641,1167.0
31642,3312.0
31643,5777.0
31644,3471.0
31645,3812.0
31646,1904.0
31647,3945.0
31648,3124.0
31649,180.0
31650,143.0
31651,694.0
31652,2399.0
31653,705.0
31654,5110.0
31655,347.0
31656,391.0
31657,5860.0
31658,5443.0
31659,841.0
31660,2415.0
31661,2755.0
31662,98.0
31663,2919.0
31664,2447.0
31665,3124.0
31666,1030.0
31667,3314.0
31668,3913.0
31669,2796.0
31670,3148.0
31671,3006.0
31672,3789.0
31673,1428.0
31674,3673.0
31675,4176.0
31676,2705.0
31677,1587.0
31678,811.0
31679,3047.0
31680,4175.0
31681,2130.0
31682,463.0
31683,4998.0
31684,519.0
31685,3266.0
31686,831.0
31687,4175.0
31688,3673.0
31689,775.0
31690,2228.0
31691,1422.0
31692,4175.0
31693,3124.0
31694,3673.0
31695,5899.0
31696,2063.0
31697,1725.0
31698,2812.0
31699,2833.0
31700,1123.0
31701,1184.0
31702,5449.0
31703,3124.0
31704,2565.0
31705,1738.0
31706,2228.0
31707,2392.0
31708,2921.0
31709,493.0
31710,5857.0
31711,2179.0
31712,5860.0
31713,5110.0
31714,5348.0
31715,2674.0
31716,3124.0
31717,2414.0
31718,694.0
31719,1426.0
31720,11.0
31721,2225.0
31722,3789.0
31723,1423.0
31724,139.0
31725,158.0
31726,5067.0
31727,4293.0
31728,5110.0
31729,180.0
31730,2989.0
31731,4280.0
31732,2704.0
31733,1827.0
31734,4280.0
31735,1.0
31736,696.0
31737,5230.0
31738,401.0
31739,158.0
31740,4171.0
31741,3469.0
31742,3813.0
31743,1422.0
31744,2972.0
31745,1693.0
31746,960.0
31747,519.0
31748,5455.0
31749,2598.0
31750,1006.0
31751,1693.0
31752,664.0
31753,4484.0
31754,6097.0
31755,675.0
31756,26.0
31757,527.0
31758,5565.0
31759,1428.0
31760,2855.0
31761,5711.0
31762,2414.0
31763,3634.0
31764,2755.0
31765,3055.0
31766,5966.0
31767,2919.0
31768,4175.0
31769,646.0
31770,2062.0
31771,1066.0
31772,479.0
31773,3883.0
31774,2409.0
31775,911.0
31776,2443.0
31777,158.0
31778,1428.0
31779,420.0
31780,5427.0
31781,421.0
31782,4907.0
31783,4067.0
31784,5427.0
31785,4013.0
31786,614.0
31787,420.0
31788,814.0
31789,2427.0
31790,5860.0
31791,2323.0
31792,5860.0
31793,1521.0
31794,2441.0
31795,384.0
31796,872.0
31797,2742.0
31798,530.0
31799,1759.0
31800,2498.0
31801,1759.0
31802,4632.0
31803,2787.0
31804,5860.0
31805,4934.0
31806,6009.0
31807,105.0
31808,3464.0
31809,45.0
31810,2145.0
31811,2569.0
31812,1427.0
31813,4288.0
31814,2604.0
31815,1030.0
31816,267.0
31817,3224.0
31818,1204.0
31819,3945.0
31820,3567.0
31821,653.0
31822,2443.0
31823,3789.0
31824,1063.0
31825,5966.0
31826,1836.0
31827,5636.0
31828,401.0
31829,1030.0
31830,1155.0
31831,4338.0
31832,3075.0
31833,2742.0
31834,245.0
31835,270.0
31836,3047.0
31837,2324.0
31838,5046.0
31839,3673.0
31840,1664.0
31841,2636.0
31842,5761.0
31843,1030.0
31844,3278.0
31845,2201.0
31846,3148.0
31847,1422.0
31848,3061.0
31849,3050.0
31850,2429.0
31851,1534.0
31852,2796.0
31853,3278.0
31854,4900.0
31855,3808.0
31856,1966.0
31857,2415.0
31858,6097.0
31859,3275.0
31860,1422.0
31861,5623.0
31862,26.0
31863,4162.0
31864,831.0
31865,2855.0
31866,2607.0
31867,2862.0
31868,2919.0
31869,4168.0
31870,2549.0
31871,1204.0
31872,1030.0
31873,4255.0
31874,847.0
31875,1693.0
31876,4253.0
31877,158.0
31878,4175.0
31879,664.0
31880,4934.0
31881,4055.0
31882,1586.0
31883,3626.0
31884,3793.0
31885,5623.0
31886,5860.0
31887,4175.0
31888,1030.0
31889,250.0
31890,2636.0
31891,3813.0
31892,772.0
31893,4255.0
31894,987.0
31895,811.0
31896,3945.0
31897,4176.0
31898,1030.0
31899,391.0
31900,6097.0
31901,1675.0
31902,1427.0
31903,388.0
31904,2726.0
31905,2612.0
31906,2569.0
31907,3266.0
31908,158.0
31909,5448.0
31910,3535.0
31911,1030.0
31912,335.0
31913,841.0
31914,5455.0
31915,45.0
31916,798.0
31917,26.0
31918,388.0
31919,4266.0
31920,6.0
31921,4175.0
31922,158.0
31923,1423.0
31924,4900.0
31925,296.0
31926,603.0
31927,2398.0
31928,3945.0
31929,141.0
31930,4516.0
31931,696.0
31932,3945.0
31933,813.0
31934,2787.0
31935,2324.0
31936,2227.0
31937,267.0
31938,13.0
31939,839.0
31940,1030.0
31941,1249.0
31942,1849.0
31943,32.0
31944,3927.0
31945,4176.0
31946,4884.0
31947,4556.0
31948,3315.0
31949,3128.0
31950,243.0
31951,2989.0
31952,519.0
31953,2796.0
31954,2919.0
31955,2469.0
31956,4020.0
31957,831.0
31958,991.0
31959,2715.0
31960,5090.0
31961,3061.0
31962,1759.0
31963,1693.0
31964,2742.0
31965,228.0
31966,3305.0
31967,518.0
31968,3317.0
31969,653.0
31970,2569.0
31971,5271.0
31972,5860.0
31973,325.0
31974,2323.0
31975,26.0
31976,568.0
31977,2686.0
31978,143.0
31979,5761.0
31980,3641.0
31981,4175.0
31982,2607.0
31983,2919.0
31984,1693.0
31985,3132.0
31986,4810.0
31987,2918.0
31988,4057.0
31989,1428.0
31990,3673.0
31991,2855.0
31992,3558.0
31993,2719.0
31994,3673.0
31995,3270.0
31996,3124.0
31997,4516.0
31998,4175.0
31999,88.0
32000,2560.0
32001,1506.0
32002,2923.0
32003,1040.0
32004,264.0
32005,3062.0
32006,3062.0
32007,1104.0
32008,388.0
32009,1428.0
32010,4175.0
32011,3047.0
32012,934.0
32013,1030.0
32014,3273.0
32015,4469.0
32016,5916.0
32017,5005.0
32018,1746.0
32019,2813.0
32020,3567.0
32021,3042.0
32022,3665.0
32023,5860.0
32024,3036.0
32025,478.0
32026,26.0
32027,5110.0
32028,5501.0
32029,742.0
32030,1826.0
32031,1426.0
32032,2610.0
32033,2560.0
32034,3464.0
32035,4460.0
32036,4895.0
32037,3588.0
32038,4931.0
32039,2808.0
32040,2415.0
32041,315.0
32042,707.0
32043,1184.0
32044,1522.0
32045,1030.0
32046,991.0
32047,2560.0
32048,1030.0
32049,4255.0
32050,2414.0
32051,2919.0
32052,3312.0
32053,5110.0
32054,1030.0
32055,2569.0
32056,693.0
32057,2569.0
32058,675.0
32059,2461.0
32060,116.0
32061,1428.0
32062,4890.0
32063,3061.0
32064,4788.0
32065,1426.0
32066,3464.0
32067,3296.0
32068,384.0
32069,2972.0
32070,3273.0
32071,3963.0
32072,141.0
32073,1746.0
32074,3124.0
32075,875.0
32076,5470.0
32077,2952.0
32078,3464.0
32079,1646.0
32080,530.0
32081,4171.0
32082,2020.0
32083,3275.0
32084,351.0
32085,1030.0
32086,6097.0
32087,3618.0
32088,1426.0
32089,47.0
32090,254.0
32091,1640.0
32092,388.0
32093,1750.0
32094,3343.0
32095,4067.0
32096,2900.0
32097,2855.0
32098,3124.0
32099,2669.0
32100,3047.0
32101,2855.0
32102,530.0
32103,1428.0
32104,84.0
32105,354.0
32106,2917.0
32107,1030.0
32108,529.0
32109,2582.0
32110,2376.0
32111,530.0
32112,2409.0
32113,1428.0
32114,384.0
32115,1030.0
32116,2371.0
32117,1428.0
32118,3003.0
32119,2441.0
32120,325.0
32121,2415.0
32122,2409.0
32123,530.0
32124,2855.0
32125,5761.0
32126,138.0
32127,315.0
32128,3789.0
32129,2538.0
32130,3567.0
32131,2686.0
32132,2643.0
32133,1110.0
32134,2610.0
32135,614.0
32136,2742.0
32137,382.0
32138,4484.0
32139,1693.0
32140,4171.0
32141,5090.0
32142,5860.0
32143,138.0
32144,4873.0
32145,3058.0
32146,3789.0
32147,2560.0
32148,2325.0
32149,31.0
32150,4257.0
32151,5110.0
32152,4175.0
32153,479.0
32154,606.0
32155,429.0
32156,4280.0
32157,3868.0
32158,462.0
32159,4237.0
32160,841.0
32161,2607.0
32162,2996.0
32163,864.0
32164,3996.0
32165,4276.0
32166,1011.0
32167,6097.0
32168,3890.0
32169,664.0
32170,3108.0
32171,1030.0
32172,675.0
32173,2130.0
32174,2919.0
32175,2774.0
32176,3791.0
32177,303.0
32178,2855.0
32179,2855.0
32180,3587.0
32181,2749.0
32182,5132.0
32183,1693.0
32184,3673.0
32185,5455.0
32186,984.0
32187,1114.0
32188,5110.0
32189,280.0
32190,3097.0
32191,1693.0
32192,5912.0
32193,1030.0
32194,2833.0
32195,1331.0
32196,2991.0
32197,2833.0
32198,1693.0
32199,1617.0
32200,4432.0
32201,5857.0
32202,2498.0
32203,1941.0
32204,1207.0
32205,927.0
32206,3634.0
32207,5455.0
32208,3863.0
32209,2686.0
32210,1390.0
32211,4632.0
32212,1426.0
32213,1030.0
32214,91.0
32215,5638.0
32216,1247.0
32217,105.0
32218,3074.0
32219,1426.0
32220,2855.0
32221,2427.0
32222,2796.0
32223,1693.0
32224,2919.0
32225,2409.0
32226,4477.0
32227,4026.0
32228,2686.0
32229,2919.0
32230,5159.0
32231,1017.0
32232,831.0
32233,3274.0
32234,664.0
32235,3288.0
32236,1030.0
32237,519.0
32238,158.0
32239,3315.0
32240,184.0
32241,358.0
32242,5860.0
32243,158.0
32244,1030.0
32245,2384.0
32246,158.0
32247,26.0
32248,1693.0
32249,4221.0
32250,1693.0
32251,4171.0
32252,4266.0
32253,31.0
32254,847.0
32255,2742.0
32256,1426.0
32257,605.0
32258,1424.0
32259,6.0
32260,5860.0
32261,1423.0
32262,4013.0
32263,530.0
32264,462.0
32265,5860.0
32266,2745.0
32267,2796.0
32268,2855.0
32269,3120.0
32270,3098.0
32271,335.0
32272,227.0
32273,3673.0
32274,5110.0
32275,26.0
32276,1470.0
32277,5057.0
32278,2415.0
32279,2996.0
32280,1428.0
32281,3266.0
32282,139.0
32283,384.0
32284,3050.0
32285,26.0
32286,482.0
32287,335.0
32288,399.0
32289,130.0
32290,5067.0
32291,3081.0
32292,5455.0
32293,158.0
32294,5449.0
32295,664.0
32296,2808.0
32297,5110.0
32298,1306.0
32299,176.0
32300,5638.0
32301,839.0
32302,831.0
32303,1431.0
32304,1693.0
32305,3081.0
32306,384.0
32307,5565.0
32308,139.0
32309,2409.0
32310,1750.0
32311,3588.0
32312,4164.0
32313,2919.0
32314,2415.0
32315,3148.0
32316,3673.0
32317,1423.0
32318,2829.0
32319,3665.0
32320,5139.0
32321,3945.0
32322,694.0
32323,2415.0
32324,2923.0
32325,530.0
32326,2409.0
32327,5443.0
32328,2571.0
32329,2840.0
32330,1759.0
32331,1196.0
32332,2323.0
32333,2972.0
32334,2636.0
32335,4900.0
32336,4934.0
32337,1254.0
32338,4469.0
32339,27.0
32340,1693.0
32341,2137.0
32342,4253.0
32343,6097.0
32344,158.0
32345,6097.0
32346,2919.0
32347,1427.0
32348,2041.0
32349,3567.0
32350,462.0
32351,1023.0
32352,199.0
32353,158.0
32354,294.0
32355,2859.0
32356,3682.0
32357,5132.0
32358,3309.0
32359,10.0
32360,1704.0
32361,460.0
32362,609.0
32363,2498.0
32364,2919.0
32365,1063.0
32366,2715.0
32367,2498.0
32368,5270.0
32369,5860.0
32370,2840.0
32371,10.0
32372,2972.0
32373,2919.0
32374,2355.0
32375,1198.0
32376,1030.0
32377,811.0
32378,4843.0
32379,3813.0
32380,615.0
32381,2415.0
32382,351.0
32383,26.0
32384,2409.0
32385,4349.0
32386,4176.0
32387,307.0
32388,2493.0
32389,4171.0
32390,3312.0
32391,921.0
32392,3773.0
32393,4937.0
32394,2919.0
32395,2409.0
32396,1750.0
32397,2324.0
32398,2557.0
32399,646.0
32400,3278.0
32401,1427.0
32402,3278.0
32403,335.0
32404,464.0
32405,2564.0
32406,3808.0
32407,1424.0
32408,960.0
32409,5455.0
32410,384.0
32411,2660.0
32412,4210.0
32413,701.0
32414,1030.0
32415,1399.0
32416,462.0
32417,248.0
32418,5860.0
32419,1030.0
32420,4516.0
32421,5565.0
32422,5596.0
32423,675.0
32424,2409.0
32425,5691.0
32426,655.0
32427,813.0
32428,1694.0
32429,2072.0
32430,653.0
32431,1426.0
32432,1137.0
32433,4917.0
32434,4945.0
32435,8.0
32436,1030.0
32437,3673.0
32438,6.0
32439,61.0
32440,228.0
32441,2598.0
32442,4174.0
32443,4772.0
32444,5750.0
32445,714.0
32446,3994.0
32447,1030.0
32448,5756.0
32449,2694.0
32450,4057.0
32451,864.0
32452,5045.0
32453,2132.0
32454,2067.0
32455,158.0
32456,10.0
32457,2813.0
32458,31.0
32459,2715.0
32460,1030.0
32461,5110.0
32462,831.0
32463,1714.0
32464,94.0
32465,13.0
32466,2697.0
32467,2749.0
32468,2674.0
32469,527.0
32470,158.0
32471,2923.0
32472,646.0
32473,1423.0
32474,280.0
32475,1617.0
32476,4036.0
32477,5047.0
32478,2633.0
32479,2989.0
32480,3588.0
32481,489.0
32482,2615.0
32483,2607.0
32484,3060.0
32485,13.0
32486,2651.0
32487,123.0
32488,5994.0
32489,2336.0
32490,478.0
32491,1693.0
32492,4036.0
32493,5623.0
32494,1534.0
32495,43.0
32496,2671.0
32497,2415.0
32498,259.0
32499,1167.0
32500,2919.0
32501,3946.0
32502,2919.0
32503,921.0
32504,2972.0
32505,2324.0
32506,5860.0
32507,2607.0
32508,603.0
32509,2796.0
32510,3673.0
32511,2840.0
32512,250.0
32513,1664.0
32514,3273.0
32515,375.0
32516,4175.0
32517,3947.0
32518,1716.0
32519,2674.0
32520,1759.0
32521,1693.0
32522,3053.0
32523,2012.0
32524,1030.0
32525,4432.0
32526,2742.0
32527,1030.0
32528,325.0
32529,3330.0
32530,398.0
32531,5455.0
32532,4020.0
32533,5860.0
32534,1432.0
32535,3317.0
32536,2919.0
32537,250.0
32538,5270.0
32539,2569.0
32540,6009.0
32541,664.0
32542,813.0
32543,290.0
32544,4516.0
32545,1030.0
32546,2426.0
32547,4255.0
32548,2432.0
32549,3665.0
32550,2742.0
32551,1030.0
32552,2686.0
32553,2324.0
32554,5860.0
32555,186.0
32556,921.0
32557,4491.0
32558,2855.0
32559,3588.0
32560,4972.0
32561,3148.0
32562,162.0
32563,2923.0
32564,4202.0
32565,479.0
32566,2382.0
32567,1030.0
32568,26.0
32569,2383.0
32570,135.0
32571,4947.0
32572,4239.0
32573,5916.0
32574,13.0
32575,2201.0
32576,3773.0
32577,2608.0
32578,3808.0
32579,1030.0
32580,3050.0
32581,3074.0
32582,415.0
32583,4280.0
32584,2607.0
32585,5869.0
32586,5110.0
32587,3273.0
32588,3634.0
32589,2612.0
32590,4872.0
32591,3852.0
32592,5761.0
32593,3622.0
32594,1030.0
32595,250.0
32596,2808.0
32597,2069.0
32598,117.0
32599,5179.0
32600,664.0
32601,5110.0
32602,5761.0
32603,1030.0
32604,2864.0
32605,2578.0
32606,529.0
32607,1030.0
32608,339.0
32609,5332.0
32610,4280.0
32611,6.0
32612,3464.0
32613,2651.0
32614,2774.0
32615,3047.0
32616,5857.0
32617,1030.0
32618,506.0
32619,2384.0
32620,4895.0
32621,3321.0
32622,6.0
32623,2564.0
32624,3148.0
32625,2844.0
32626,2982.0
32627,2066.0
32628,293.0
32629,5455.0
32630,811.0
32631,3124.0
32632,2616.0
32633,5596.0
32634,476.0
32635,2642.0
32636,4479.0
32637,3440.0
32638,2074.0
32639,339.0
32640,3341.0
32641,228.0
32642,1664.0
32643,2620.0
32644,3673.0
32645,5860.0
32646,530.0
32647,4516.0
32648,1426.0
32649,1873.0
32650,5110.0
32651,2596.0
32652,2216.0
32653,1759.0
32654,2972.0
32655,2704.0
32656,1207.0
32657,2607.0
32658,3276.0
32659,4484.0
32660,516.0
32661,1030.0
32662,2917.0
32663,123.0
32664,1030.0
32665,335.0
32666,27.0
32667,1030.0
32668,3148.0
32669,771.0
32670,3047.0
32671,2855.0
32672,2415.0
32673,4255.0
32674,6097.0
32675,848.0
32676,335.0
32677,3945.0
32678,899.0
32679,1304.0
32680,1759.0
32681,141.0
32682,301.0
32683,1426.0
32684,5057.0
32685,1218.0
32686,2796.0
32687,993.0
32688,4057.0
32689,5022.0
32690,1934.0
32691,1762.0
32692,2643.0
32693,2683.0
32694,839.0
32695,1540.0
32696,5761.0
32697,26.0
32698,2674.0
32699,847.0
32700,8.0
32701,2625.0
32702,5696.0
32703,6148.0
32704,1759.0
32705,94.0
32706,1402.0
32707,3813.0
32708,4966.0
32709,303.0
32710,3464.0
32711,3464.0
32712,2570.0
32713,2317.0
32714,1941.0
32715,158.0
32716,2921.0
32717,5869.0
32718,2498.0
32719,5455.0
32720,1030.0
32721,3311.0
32722,4547.0
32723,5144.0
32724,2533.0
32725,5699.0
32726,5455.0
32727,1407.0
32728,2341.0
32729,176.0
32730,1422.0
32731,4934.0
32732,5918.0
32733,1030.0
32734,27.0
32735,3047.0
32736,3464.0
32737,6.0
32738,4026.0
32739,858.0
32740,5857.0
32741,1030.0
32742,3273.0
32743,3588.0
32744,3567.0
32745,5595.0
32746,2594.0
32747,3464.0
32748,311.0
32749,1417.0
32750,180.0
32751,2796.0
32752,3856.0
32753,1196.0
32754,5806.0
32755,5604.0
32756,1426.0
32757,2569.0
32758,510.0
32759,19.0
32760,4176.0
32761,3813.0
32762,5511.0
32763,2227.0
32764,2498.0
32765,1066.0
32766,3022.0
32767,76.0
32768,388.0
32769,2881.0
32770,1768.0
32771,2469.0
32772,2187.0
32773,2838.0
32774,5273.0
32775,1544.0
32776,3296.0
32777,1938.0
32778,1030.0
32779,1768.0
32780,2840.0
32781,2569.0
32782,2813.0
32783,4900.0
32784,388.0
32785,3947.0
32786,1030.0
32787,2919.0
32788,3373.0
32789,5211.0
32790,706.0
32791,694.0
32792,1251.0
32793,398.0
32794,1426.0
32795,5242.0
32796,5761.0
32797,1426.0
32798,1030.0
32799,2569.0
32800,3773.0
32801,2607.0
32802,1522.0
32803,2855.0
32804,1941.0
32805,105.0
32806,3813.0
32807,1231.0
32808,5448.0
32809,877.0
32810,3813.0
32811,5623.0
32812,780.0
32813,2620.0
32814,2569.0
32815,1693.0
32816,4516.0
32817,5860.0
32818,1030.0
32819,347.0
32820,696.0
32821,2972.0
32822,2469.0
32823,2991.0
32824,5110.0
32825,1536.0
32826,2073.0
32827,5860.0
32828,1834.0
32829,307.0
32830,3606.0
32831,664.0
32832,26.0
32833,1030.0
32834,5110.0
32835,1323.0
32836,1427.0
32837,1920.0
32838,875.0
32839,421.0
32840,2782.0
32841,363.0
32842,2844.0
32843,3266.0
32844,4101.0
32845,2033.0
32846,4057.0
32847,647.0
32848,2685.0
32849,2686.0
32850,2409.0
32851,2607.0
32852,3464.0
32853,1433.0
32854,4348.0
32855,19.0
32856,2360.0
32857,1693.0
32858,1989.0
32859,1825.0
32860,2607.0
32861,1030.0
32862,1030.0
32863,4936.0
32864,5563.0
32865,4934.0
32866,180.0
32867,1204.0
32868,248.0
32869,5918.0
32870,3124.0
32871,2855.0
32872,1428.0
32873,5860.0
32874,11.0
32875,5761.0
32876,2833.0
32877,1939.0
32878,2851.0
32879,27.0
32880,3047.0
32881,2855.0
32882,4280.0
32883,2560.0
32884,2382.0
32885,2087.0
32886,1822.0
32887,5761.0
32888,1158.0
32889,1746.0
32890,2415.0
32891,4696.0
32892,5806.0
32893,1422.0
32894,5134.0
32895,3963.0
32896,5604.0
32897,3124.0
32898,4696.0
32899,5860.0
32900,3278.0
32901,3124.0
32902,3673.0
32903,5711.0
32904,1137.0
32905,1426.0
32906,6159.0
32907,1184.0
32908,2758.0
32909,2796.0
32910,2855.0
32911,4482.0
32912,3789.0
32913,2918.0
32914,1030.0
32915,3309.0
32916,4985.0
32917,2697.0
32918,3063.0
32919,3939.0
32920,3951.0
32921,421.0
32922,3946.0
32923,1693.0
32924,1759.0
32925,1826.0
32926,1030.0
32927,4500.0
32928,6097.0
32929,6097.0
32930,1693.0
32931,3606.0
32932,2323.0
32933,5565.0
32934,6097.0
32935,4055.0
32936,5747.0
32937,634.0
32938,2415.0
32939,960.0
32940,4175.0
32941,1693.0
32942,3665.0
32943,2855.0
32944,5857.0
32945,3684.0
32946,3673.0
32947,2187.0
32948,98.0
32949,1428.0
32950,1027.0
32951,1489.0
32952,1693.0
32953,1667.0
32954,4171.0
32955,1693.0
32956,3124.0
32957,2409.0
32958,5691.0
32959,1204.0
32960,5245.0
32961,1759.0
32962,4528.0
32963,5740.0
32964,4288.0
32965,4509.0
32966,1693.0
32967,1600.0
32968,527.0
32969,2921.0
32970,1706.0
32971,3120.0
32972,5899.0
32973,1604.0
32974,2837.0
32975,1431.0
32976,5857.0
32977,5636.0
32978,1427.0
32979,3665.0
32980,5059.0
32981,2972.0
32982,4546.0
32983,1716.0
32984,1426.0
32985,1782.0
32986,518.0
32987,2549.0
32988,4163.0
32989,162.0
32990,3370.0
32991,868.0
32992,1432.0
32993,1523.0
32994,3773.0
32995,2557.0
32996,5860.0
32997,5761.0
32998,1427.0
32999,176.0
33000,5256.0
33001,2607.0
33002,290.0
33003,3278.0
33004,1040.0
33005,2317.0
33006,774.0
33007,1759.0
33008,1746.0
33009,4403.0
33010,603.0
33011,1030.0
33012,2742.0
33013,1730.0
33014,1761.0
33015,5270.0
33016,1030.0
33017,2855.0
33018,2174.0
33019,765.0
33020,4543.0
33021,5110.0
33022,2742.0
33023,2415.0
33024,3124.0
33025,1674.0
33026,2862.0
33027,3813.0
33028,1714.0
33029,2730.0
33030,2855.0
33031,872.0
33032,5547.0
33033,4055.0
33034,1759.0
33035,1540.0
33036,139.0
33037,1426.0
33038,1920.0
33039,5565.0
33040,3567.0
33041,5455.0
33042,5110.0
33043,3673.0
33044,4280.0
33045,2715.0
33046,3047.0
33047,3047.0
33048,3242.0
33049,4280.0
33050,755.0
33051,141.0
33052,1743.0
33053,1231.0
33054,1218.0
33055,1030.0
33056,26.0
33057,927.0
33058,2686.0
33059,4739.0
33060,3665.0
33061,3282.0
33062,1030.0
33063,4490.0
33064,2681.0
33065,1065.0
33066,742.0
33067,1030.0
33068,2033.0
33069,4175.0
33070,31.0
33071,5860.0
33072,1030.0
33073,530.0
33074,5115.0
33075,1530.0
33076,3278.0
33077,3789.0
33078,10.0
33079,1528.0
33080,3148.0
33081,5860.0
33082,2681.0
33083,1693.0
33084,567.0
33085,2610.0
33086,2498.0
33087,3427.0
33088,5110.0
33089,2610.0
33090,5270.0
33091,2696.0
33092,2699.0
33093,3725.0
33094,2813.0
33095,31.0
33096,1100.0
33097,26.0
33098,530.0
33099,6126.0
33100,664.0
33101,2402.0
33102,2918.0
33103,664.0
33104,2636.0
33105,158.0
33106,1693.0
33107,5860.0
33108,2427.0
33109,3634.0
33110,2919.0
33111,4175.0
33112,4175.0
33113,5860.0
33114,2855.0
33115,3124.0
33116,1427.0
33117,5110.0
33118,2069.0
33119,1995.0
33120,3535.0
33121,5570.0
33122,2692.0
33123,5455.0
33124,2919.0
33125,6097.0
33126,6097.0
33127,3464.0
33128,158.0
33129,2686.0
33130,5860.0
33131,3665.0
33132,5455.0
33133,4516.0
33134,3535.0
33135,1175.0
33136,2569.0
33137,1100.0
33138,1423.0
33139,294.0
33140,2607.0
33141,2813.0
33142,2972.0
33143,3847.0
33144,1040.0
33145,2323.0
33146,2855.0
33147,1693.0
33148,847.0
33149,10.0
33150,1030.0
33151,2919.0
33152,647.0
33153,1022.0
33154,4487.0
33155,475.0
33156,158.0
33157,158.0
33158,1693.0
33159,4026.0
33160,1999.0
33161,2415.0
33162,2569.0
33163,1323.0
33164,2015.0
33165,5510.0
33166,4280.0
33167,4175.0
33168,2196.0
33169,2972.0
33170,510.0
33171,1407.0
33172,2414.0
33173,2001.0
33174,1030.0
33175,2919.0
33176,26.0
33177,798.0
33178,3802.0
33179,4460.0
33180,527.0
33181,73.0
33182,2674.0
33183,1030.0
33184,5067.0
33185,4947.0
33186,1759.0
33187,1114.0
33188,5095.0
33189,798.0
33190,4175.0
33191,462.0
33192,2704.0
33193,162.0
33194,4632.0
33195,3266.0
33196,5455.0
33197,1428.0
33198,2919.0
33199,5455.0
33200,1693.0
33201,2373.0
33202,841.0
33203,143.0
33204,2636.0
33205,250.0
33206,2622.0
33207,562.0
33208,5860.0
33209,847.0
33210,1422.0
33211,2409.0
33212,4280.0
33213,3042.0
33214,1030.0
33215,317.0
33216,1407.0
33217,5136.0
33218,5307.0
33219,2201.0
33220,2862.0
33221,5057.0
33222,5132.0
33223,1040.0
33224,5916.0
33225,2919.0
33226,88.0
33227,4943.0
33228,3063.0
33229,5761.0
33230,5563.0
33231,13.0
33232,3233.0
33233,4289.0
33234,3058.0
33235,27.0
33236,94.0
33237,248.0
33238,482.0
33239,1015.0
33240,105.0
33241,3773.0
33242,5623.0
33243,354.0
33244,1100.0
33245,1759.0
33246,5455.0
33247,1023.0
33248,2208.0
33249,3055.0
33250,1426.0
33251,3076.0
33252,1426.0
33253,388.0
33254,3047.0
33255,290.0
33256,1759.0
33257,1432.0
33258,4237.0
33259,5751.0
33260,4175.0
33261,2323.0
33262,2607.0
33263,143.0
33264,3148.0
33265,250.0
33266,2102.0
33267,118.0
33268,1545.0
33269,3945.0
33270,2829.0
33271,482.0
33272,1137.0
33273,858.0
33274,2972.0
33275,2409.0
33276,569.0
33277,2952.0
33278,2855.0
33279,991.0
33280,94.0
33281,3940.0
33282,1167.0
33283,2705.0
33284,178.0
33285,5747.0
33286,1030.0
33287,1030.0
33288,1167.0
33289,2415.0
33290,5110.0
33291,797.0
33292,3099.0
33293,4176.0
33294,4296.0
33295,88.0
33296,2918.0
33297,3953.0
33298,1030.0
33299,842.0
33300,2409.0
33301,123.0
33302,250.0
33303,5047.0
33304,199.0
33305,1027.0
33306,2688.0
33307,335.0
33308,3807.0
33309,3074.0
33310,4176.0
33311,259.0
33312,2855.0
33313,3673.0
33314,2787.0
33315,1966.0
33316,4211.0
33317,316.0
33318,2855.0
33319,4843.0
33320,3793.0
33321,2467.0
33322,91.0
33323,1030.0
33324,1030.0
33325,5455.0
33326,2204.0
33327,4200.0
33328,1693.0
33329,2610.0
33330,3585.0
33331,94.0
33332,5731.0
33333,5110.0
33334,4176.0
33335,1987.0
33336,5057.0
33337,26.0
33338,2855.0
33339,5121.0
33340,2415.0
33341,1428.0
33342,4239.0
33343,3650.0
33344,3945.0
33345,2972.0
33346,3370.0
33347,401.0
33348,10.0
33349,1730.0
33350,5270.0
33351,1826.0
33352,6163.0
33353,3278.0
33354,523.0
33355,2228.0
33356,3558.0
33357,5711.0
33358,2755.0
33359,3098.0
33360,1600.0
33361,5623.0
33362,568.0
33363,4199.0
33364,2025.0
33365,2033.0
33366,2323.0
33367,1116.0
33368,5623.0
33369,3148.0
33370,4516.0
33371,847.0
33372,627.0
33373,3813.0
33374,2989.0
33375,2733.0
33376,3114.0
33377,351.0
33378,3315.0
33379,2607.0
33380,1218.0
33381,1219.0
33382,1693.0
33383,2228.0
33384,3047.0
33385,2686.0
33386,3863.0
33387,5455.0
33388,1429.0
33389,2840.0
33390,1759.0
33391,1693.0
33392,1428.0
33393,5623.0
33394,250.0
33395,1180.0
33396,1693.0
33397,3003.0
33398,139.0
33399,5860.0
33400,4289.0
33401,5059.0
33402,2025.0
33403,1428.0
33404,2569.0
33405,4441.0
33406,6.0
33407,3050.0
33408,3945.0
33409,1759.0
33410,3278.0
33411,1030.0
33412,988.0
33413,3061.0
33414,530.0
33415,4509.0
33416,5264.0
33417,3047.0
33418,2596.0
33419,2498.0
33420,3464.0
33421,1620.0
33422,228.0
33423,2498.0
33424,1426.0
33425,2796.0
33426,811.0
33427,1030.0
33428,26.0
33429,2855.0
33430,1816.0
33431,3673.0
33432,2610.0
33433,5584.0
33434,1030.0
33435,1415.0
33436,5751.0
33437,3278.0
33438,5565.0
33439,710.0
33440,176.0
33441,1030.0
33442,250.0
33443,3305.0
33444,2681.0
33445,1426.0
33446,5273.0
33447,3061.0
33448,5273.0
33449,139.0
33450,2004.0
33451,519.0
33452,2622.0
33453,2795.0
33454,5754.0
33455,1417.0
33456,158.0
33457,4991.0
33458,2414.0
33459,2321.0
33460,5455.0
33461,3588.0
33462,1030.0
33463,675.0
33464,88.0
33465,2742.0
33466,4255.0
33467,3551.0
33468,1725.0
33469,1497.0
33470,1205.0
33471,2697.0
33472,571.0
33473,3665.0
33474,3055.0
33475,184.0
33476,5060.0
33477,3324.0
33478,2047.0
33479,5857.0
33480,5860.0
33481,706.0
33482,2121.0
33483,2730.0
33484,1693.0
33485,88.0
33486,530.0
33487,1030.0
33488,1693.0
33489,2189.0
33490,31.0
33491,5740.0
33492,1030.0
33493,1426.0
33494,5285.0
33495,2228.0
33496,2596.0
33497,3117.0
33498,1075.0
33499,2616.0
33500,2840.0
33501,5638.0
33502,130.0
33503,1030.0
33504,180.0
33505,5632.0
33506,2982.0
33507,2996.0
33508,4234.0
33509,2620.0
33510,1137.0
33511,519.0
33512,858.0
33513,2111.0
33514,793.0
33515,1030.0
33516,1816.0
33517,3588.0
33518,3789.0
33519,4895.0
33520,5860.0
33521,4945.0
33522,3317.0
33523,5455.0
33524,2919.0
33525,2622.0
33526,4934.0
33527,3673.0
33528,6097.0
33529,2808.0
33530,3061.0
33531,818.0
33532,3058.0
33533,841.0
33534,98.0
33535,2796.0
33536,2923.0
33537,5761.0
33538,2749.0
33539,842.0
33540,2569.0
33541,2204.0
33542,2733.0
33543,4233.0
33544,5247.0
33545,5067.0
33546,5860.0
33547,1420.0
33548,2201.0
33549,401.0
33550,1704.0
33551,1528.0
33552,5732.0
33553,1030.0
33554,2394.0
33555,3875.0
33556,4057.0
33557,1030.0
33558,5134.0
33559,2472.0
33560,5455.0
33561,5455.0
33562,98.0
33563,5860.0
33564,568.0
33565,3665.0
33566,5731.0
33567,6097.0
33568,2796.0
33569,3673.0
33570,6097.0
33571,139.0
33572,3673.0
33573,176.0
33574,1693.0
33575,3813.0
33576,4951.0
33577,2643.0
33578,2855.0
33579,2409.0
33580,3117.0
33581,4175.0
33582,3059.0
33583,352.0
33584,5455.0
33585,675.0
33586,1498.0
33587,5067.0
33588,519.0
33589,991.0
33590,482.0
33591,3076.0
33592,3278.0
33593,3945.0
33594,2742.0
33595,4516.0
33596,5761.0
33597,2317.0
33598,2069.0
33599,2638.0
33600,5761.0
33601,463.0
33602,3266.0
33603,872.0
33604,5711.0
33605,4031.0
33606,5455.0
33607,2341.0
33608,5455.0
33609,3273.0
33610,1693.0
33611,5157.0
33612,3047.0
33613,2250.0
33614,26.0
33615,1258.0
33616,2766.0
33617,1030.0
33618,2919.0
33619,4031.0
33620,1030.0
33621,1964.0
33622,2414.0
33623,463.0
33624,2607.0
33625,839.0
33626,5455.0
33627,1196.0
33628,4119.0
33629,1428.0
33630,5110.0
33631,1422.0
33632,158.0
33633,5595.0
33634,1761.0
33635,2569.0
33636,5110.0
33637,6097.0
33638,335.0
33639,3111.0
33640,2919.0
33641,2015.0
33642,4484.0
33643,3665.0
33644,2742.0
33645,35.0
33646,2636.0
33647,2571.0
33648,5860.0
33649,2017.0
33650,2409.0
33651,2447.0
33652,831.0
33653,2855.0
33654,1693.0
33655,2681.0
33656,2989.0
33657,4175.0
33658,5937.0
33659,253.0
33660,4491.0
33661,455.0
33662,2715.0
33663,455.0
33664,774.0
33665,1507.0
33666,858.0
33667,5455.0
33668,3789.0
33669,27.0
33670,5565.0
33671,3047.0
33672,2972.0
33673,3114.0
33674,2855.0
33675,5751.0
33676,4490.0
33677,530.0
33678,2862.0
33679,2742.0
33680,3317.0
33681,1066.0
33682,4176.0
33683,5622.0
33684,35.0
33685,230.0
33686,3273.0
33687,5860.0
33688,3148.0
33689,3055.0
33690,3945.0
33691,5455.0
33692,1082.0
33693,4057.0
33694,2855.0
33695,1142.0
33696,4055.0
33697,3166.0
33698,4280.0
33699,294.0
33700,98.0
33701,2972.0
33702,2972.0
33703,2919.0
33704,2796.0
33705,1822.0
33706,1871.0
33707,5729.0
33708,462.0
33709,1030.0
33710,5473.0
33711,5731.0
33712,5860.0
33713,2919.0
33714,5110.0
33715,655.0
33716,2111.0
33717,1423.0
33718,2498.0
33719,3058.0
33720,2833.0
33721,3813.0
33722,3634.0
33723,2227.0
33724,294.0
33725,3009.0
33726,530.0
33727,5623.0
33728,4947.0
33729,5110.0
33730,162.0
33731,1426.0
33732,3946.0
33733,117.0
33734,3789.0
33735,3588.0
33736,325.0
33737,1158.0
33738,5622.0
33739,4057.0
33740,655.0
33741,1030.0
33742,388.0
33743,3330.0
33744,3312.0
33745,1693.0
33746,26.0
33747,4164.0
33748,1426.0
33749,2201.0
33750,2397.0
33751,3822.0
33752,415.0
33753,2742.0
33754,4175.0
33755,1030.0
33756,534.0
33757,2697.0
33758,2844.0
33759,4947.0
33760,3634.0
33761,1192.0
33762,2833.0
33763,2972.0
33764,3945.0
33765,462.0
33766,3789.0
33767,3293.0
33768,5256.0
33769,2822.0
33770,316.0
33771,2498.0
33772,388.0
33773,1030.0
33774,5276.0
33775,2829.0
33776,1011.0
33777,180.0
33778,1030.0
33779,290.0
33780,527.0
33781,5427.0
33782,763.0
33783,831.0
33784,105.0
33785,753.0
33786,3148.0
33787,5095.0
33788,5760.0
33789,1693.0
33790,3317.0
33791,26.0
33792,1426.0
33793,3273.0
33794,2855.0
33795,3312.0
33796,471.0
33797,158.0
33798,2414.0
33799,4900.0
33800,2293.0
33801,31.0
33802,2498.0
33803,1694.0
33804,2697.0
33805,2919.0
33806,1759.0
33807,5860.0
33808,3266.0
33809,1154.0
33810,4175.0
33811,4102.0
33812,10.0
33813,1522.0
33814,2636.0
33815,3343.0
33816,5332.0
33817,457.0
33818,1427.0
33819,3789.0
33820,5273.0
33821,278.0
33822,4266.0
33823,3373.0
33824,5860.0
33825,4289.0
33826,2360.0
33827,5046.0
33828,401.0
33829,5191.0
33830,3963.0
33831,5448.0
33832,5788.0
33833,864.0
33834,4176.0
33835,2608.0
33836,719.0
33837,5810.0
33838,510.0
33839,5452.0
33840,1428.0
33841,3572.0
33842,1428.0
33843,5455.0
33844,301.0
33845,2607.0
33846,3685.0
33847,3124.0
33848,471.0
33849,4900.0
33850,3166.0
33851,3673.0
33852,643.0
33853,4900.0
33854,2132.0
33855,1431.0
33856,4900.0
33857,3606.0
33858,3440.0
33859,5860.0
33860,2015.0
33861,2796.0
33862,2681.0
33863,3587.0
33864,696.0
33865,1693.0
33866,138.0
33867,468.0
33868,5860.0
33869,2036.0
33870,4856.0
33871,905.0
33872,5455.0
33873,3124.0
33874,3274.0
33875,158.0
33876,259.0
33877,3939.0
33878,1738.0
33879,4911.0
33880,1738.0
33881,8.0
33882,4036.0
33883,280.0
33884,1030.0
33885,5136.0
33886,4997.0
33887,5110.0
33888,2919.0
33889,1827.0
33890,142.0
33891,293.0
33892,2755.0
33893,5455.0
33894,19.0
33895,763.0
33896,1433.0
33897,2051.0
33898,5455.0
33899,4490.0
33900,510.0
33901,1864.0
33902,3673.0
33903,5455.0
33904,5857.0
33905,5747.0
33906,759.0
33907,3791.0
33908,3022.0
33909,4168.0
33910,1253.0
33911,3124.0
33912,250.0
33913,664.0
33914,1030.0
33915,2166.0
33916,5307.0
33917,1030.0
33918,5713.0
33919,2564.0
33920,1030.0
33921,530.0
33922,664.0
33923,3634.0
33924,1030.0
33925,325.0
33926,1835.0
33927,1030.0
33928,5279.0
33929,1030.0
33930,2415.0
33931,2002.0
33932,5452.0
33933,3124.0
33934,2742.0
33935,2636.0
33936,94.0
33937,2730.0
33938,991.0
33939,1726.0
33940,1522.0
33941,1726.0
33942,2498.0
33943,841.0
33944,5455.0
33945,2770.0
33946,1716.0
33947,2749.0
33948,2174.0
33949,1837.0
33950,2415.0
33951,373.0
33952,2132.0
33953,2498.0
33954,176.0
33955,5110.0
33956,4951.0
33957,3278.0
33958,4174.0
33959,384.0
33960,1426.0
33961,2749.0
33962,5696.0
33963,489.0
33964,4199.0
33965,2686.0
33966,1735.0
33967,5961.0
33968,5098.0
33969,139.0
33970,2204.0
33971,510.0
33972,1030.0
33973,5857.0
33974,6013.0
33975,1759.0
33976,139.0
33977,5230.0
33978,1114.0
33979,2021.0
33980,158.0
33981,5057.0
33982,691.0
33983,363.0
33984,5696.0
33985,4121.0
33986,1030.0
33987,1675.0
33988,2605.0
33989,5638.0
33990,847.0
33991,1693.0
33992,4199.0
33993,2678.0
33994,4349.0
33995,1422.0
33996,1693.0
33997,4911.0
33998,2498.0
33999,3995.0
34000,3081.0
34001,2415.0
34002,2919.0
34003,2972.0
34004,3673.0
34005,527.0
34006,5747.0
34007,4293.0
34008,811.0
34009,2132.0
34010,4176.0
34011,35.0
34012,305.0
34013,1030.0
34014,3047.0
34015,384.0
34016,2919.0
34017,1693.0
34018,1723.0
34019,2324.0
34020,987.0
34021,5860.0
34022,2612.0
34023,2919.0
34024,3588.0
34025,1015.0
34026,2349.0
34027,5761.0
34028,2923.0
34029,778.0
34030,636.0
34031,2598.0
34032,462.0
34033,23.0
34034,4288.0
34035,3682.0
34036,2047.0
34037,1426.0
34038,1030.0
34039,2855.0
34040,158.0
34041,2493.0
34042,3309.0
34043,3945.0
34044,3675.0
34045,3148.0
34046,1759.0
34047,4457.0
34048,3273.0
34049,5860.0
34050,2787.0
34051,530.0
34052,1030.0
34053,1693.0
34054,2132.0
34055,1426.0
34056,2324.0
34057,437.0
34058,26.0
34059,1823.0
34060,1030.0
34061,2833.0
34062,1023.0
34063,3124.0
34064,2838.0
34065,1693.0
34066,2825.0
34067,841.0
34068,1759.0
34069,5860.0
34070,3464.0
34071,4293.0
34072,4850.0
34073,3588.0
34074,2796.0
34075,3588.0
34076,3773.0
34077,2855.0
34078,2812.0
34079,2749.0
34080,2742.0
34081,3673.0
34082,2415.0
34083,3309.0
34084,634.0
34085,1746.0
34086,2607.0
34087,3370.0
34088,3312.0
34089,3773.0
34090,2755.0
34091,228.0
34092,2855.0
34093,32.0
34094,1912.0
34095,5455.0
34096,2681.0
34097,5455.0
34098,4175.0
34099,2923.0
34100,1030.0
34101,3047.0
34102,1082.0
34103,2002.0
34104,2686.0
34105,2607.0
34106,3822.0
34107,5860.0
34108,1196.0
34109,3278.0
34110,250.0
34111,1030.0
34112,2813.0
34113,26.0
34114,2471.0
34115,503.0
34116,3324.0
34117,1331.0
34118,3047.0
34119,2694.0
34120,3464.0
34121,980.0
34122,1030.0
34123,4175.0
34124,2560.0
34125,1030.0
34126,2021.0
34127,2072.0
34128,2498.0
34129,2001.0
34130,5159.0
34131,314.0
34132,4403.0
34133,250.0
34134,5916.0
34135,3566.0
34136,609.0
34137,4176.0
34138,653.0
34139,5853.0
34140,1528.0
34141,917.0
34142,1497.0
34143,1521.0
34144,2017.0
34145,1030.0
34146,1667.0
34147,1428.0
34148,1030.0
34149,1030.0
34150,158.0
34151,708.0
34152,3464.0
34153,118.0
34154,2409.0
34155,831.0
34156,4487.0
34157,2616.0
34158,3370.0
34159,1030.0
34160,2607.0
34161,2923.0
34162,1426.0
34163,1530.0
34164,1163.0
34165,3789.0
34166,3266.0
34167,3875.0
34168,158.0
34169,1536.0
34170,3148.0
34171,1030.0
34172,3673.0
34173,1521.0
34174,3665.0
34175,2919.0
34176,10.0
34177,118.0
34178,5179.0
34179,636.0
34180,250.0
34181,2323.0
34182,1030.0
34183,5860.0
34184,4019.0
34185,5067.0
34186,1030.0
34187,1746.0
34188,158.0
34189,1518.0
34190,293.0
34191,3945.0
34192,4895.0
34193,1864.0
34194,3124.0
34195,3791.0
34196,1540.0
34197,1027.0
34198,4091.0
34199,5860.0
34200,2630.0
34201,1030.0
34202,1423.0
34203,1759.0
34204,1116.0
34205,250.0
34206,2021.0
34207,388.0
34208,2855.0
34209,5696.0
34210,2121.0
34211,2972.0
34212,2004.0
34213,1528.0
34214,180.0
34215,3098.0
34216,4171.0
34217,607.0
34218,3076.0
34219,4175.0
34220,4224.0
34221,1693.0
34222,3075.0
34223,2674.0
34224,2919.0
34225,11.0
34226,1030.0
34227,4546.0
34228,2001.0
34229,271.0
34230,2943.0
34231,149.0
34232,1030.0
34233,1941.0
